objectid,parentid,title,description,introduction,creator,creators title,date,date is approximate?,section,subject,location,latitude,longitude,publisher,digital collection,source,original_link,national archive number,regional office number,identifier,rights,rightsstatement,format_original,duration,type,format,language,digitization specifications,date digital,cdm_url,cdmid,display_template,filename,object_location,image_small,image_thumb,object_transcript,transcriber
sbw319-img1,sbw319,"Ranger Art Seamans with Tag and Percy. Moose Creek, July 1975",,,,,,,Wilderness Voices,,Selway-Bitterroot Wilderness (Idaho and Mont.),,,"Wilderness Voices, The Selway-Bitteroot Wilderness History Project, https://selwaybitterrootproject.wordpress.com/","The Selway-Bitterroot Wilderness History Project, http://sbw.lib.uidaho.edu/index.html","Wilderness Voices, The Selway-Bitteroot Wilderness History Project, https://selwaybitterrootproject.wordpress.com/",https://selwaybitterrootproject.wordpress.com/2013/11/28/diplomacy/; https://selwaybitterrootproject.wordpress.com/wp-content/uploads/2013/11/ranger-art-seamans-with-tag-and-percy-mc7-75.jpg,,,Selway-Podcast-ep44,"Copyright: The Selway-Bitteroot Wilderness History Project. In Copyright - Educational Use Permitted. For more information, please contact University of Idaho Library Special Collections and Archives Department at libspec@uidaho.edu.",http://rightsstatements.org/vocab/InC-EDU/1.0/,,,Image;StillImage,image/jpeg,,,,,,gallery_image,sbw319_img.jpg,https://objects.lib.uidaho.edu/sbw/sbw319_img.jpg,https://objects.lib.uidaho.edu/sbw/small/sbw319_img_sm.jpg,https://objects.lib.uidaho.edu/sbw/thumbs/sbw319_img_th.jpg,,
sbw320-img1,sbw320,"Vernon Carroll in Traveler's Rest Museum, standing next to a quote from the Lewis and Clark journals. Photo courtesy Debbie Lee",,,,,,,Wilderness Voices,,Selway-Bitterroot Wilderness (Idaho and Mont.),,,"Wilderness Voices, The Selway-Bitteroot Wilderness History Project, https://selwaybitterrootproject.wordpress.com/","The Selway-Bitterroot Wilderness History Project, http://sbw.lib.uidaho.edu/index.html","Wilderness Voices, The Selway-Bitteroot Wilderness History Project, https://selwaybitterrootproject.wordpress.com/",https://selwaybitterrootproject.wordpress.com/2013/08/13/ancient-communities-of-the-selway-bitterroot-wilderness/; https://selwaybitterrootproject.wordpress.com/wp-content/uploads/2013/08/vernon-in-museum-standing-next-to-quote-from-lc-journals.jpg,,,Selway-Podcast-ep43,"Copyright: The Selway-Bitteroot Wilderness History Project. In Copyright - Educational Use Permitted. For more information, please contact University of Idaho Library Special Collections and Archives Department at libspec@uidaho.edu.",http://rightsstatements.org/vocab/InC-EDU/1.0/,,,Image;StillImage,image/jpeg,,,,,,gallery_image,sbw320_img.jpg,https://objects.lib.uidaho.edu/sbw/sbw320_img.jpg,https://objects.lib.uidaho.edu/sbw/small/sbw320_img_sm.jpg,https://objects.lib.uidaho.edu/sbw/thumbs/sbw320_img_th.jpg,,
sbw321-img1,sbw321,Norman Maclean teaching his popular Shakespeare class in 1970 at the University of Chicago.,,,,,,,Wilderness Voices,,Selway-Bitterroot Wilderness (Idaho and Mont.),,,"Wilderness Voices, The Selway-Bitteroot Wilderness History Project, https://selwaybitterrootproject.wordpress.com/","The Selway-Bitterroot Wilderness History Project, http://sbw.lib.uidaho.edu/index.html","Wilderness Voices, The Selway-Bitteroot Wilderness History Project, https://selwaybitterrootproject.wordpress.com/",https://selwaybitterrootproject.wordpress.com/2013/08/09/nineteen-nineteen/; https://selwaybitterrootproject.wordpress.com/wp-content/uploads/2013/08/norman2a.jpg,,,Selway-Podcast-ep42,"Copyright: The Selway-Bitteroot Wilderness History Project. In Copyright - Educational Use Permitted. For more information, please contact University of Idaho Library Special Collections and Archives Department at libspec@uidaho.edu.",http://rightsstatements.org/vocab/InC-EDU/1.0/,,,Image;StillImage,image/jpeg,,,,,,gallery_image,sbw321_img.jpg,https://objects.lib.uidaho.edu/sbw/sbw321_img.jpg,https://objects.lib.uidaho.edu/sbw/small/sbw321_img_sm.jpg,https://objects.lib.uidaho.edu/sbw/thumbs/sbw321_img_th.jpg,,
sbw322-img1,sbw322,Work Crew at Moose Creek 1979,,,,,,,Wilderness Voices,,Selway-Bitterroot Wilderness (Idaho and Mont.),,,"Wilderness Voices, The Selway-Bitteroot Wilderness History Project, https://selwaybitterrootproject.wordpress.com/","The Selway-Bitterroot Wilderness History Project, http://sbw.lib.uidaho.edu/index.html","Wilderness Voices, The Selway-Bitteroot Wilderness History Project, https://selwaybitterrootproject.wordpress.com/",https://selwaybitterrootproject.wordpress.com/2013/07/30/thirty-miles-from-paradise/; https://selwaybitterrootproject.wordpress.com/wp-content/uploads/2013/07/moosecreek25-1979.jpg,,,Selway-Podcast-ep41,"Copyright: The Selway-Bitteroot Wilderness History Project. In Copyright - Educational Use Permitted. For more information, please contact University of Idaho Library Special Collections and Archives Department at libspec@uidaho.edu.",http://rightsstatements.org/vocab/InC-EDU/1.0/,,,Image;StillImage,image/jpeg,,,,,,gallery_image,sbw322_img.jpg,https://objects.lib.uidaho.edu/sbw/sbw322_img.jpg,https://objects.lib.uidaho.edu/sbw/small/sbw322_img_sm.jpg,https://objects.lib.uidaho.edu/sbw/thumbs/sbw322_img_th.jpg,,
sbw323-img1,sbw323,"Jane Holman, 2011",,,,,,,Wilderness Voices,,Selway-Bitterroot Wilderness (Idaho and Mont.),,,"Wilderness Voices, The Selway-Bitteroot Wilderness History Project, https://selwaybitterrootproject.wordpress.com/","The Selway-Bitterroot Wilderness History Project, http://sbw.lib.uidaho.edu/index.html","Wilderness Voices, The Selway-Bitteroot Wilderness History Project, https://selwaybitterrootproject.wordpress.com/",https://selwaybitterrootproject.wordpress.com/2013/07/26/re-wilding/; https://selwaybitterrootproject.wordpress.com/wp-content/uploads/2013/07/dsc_0038.jpg,,,Selway-Podcast-ep40,"Copyright: The Selway-Bitteroot Wilderness History Project. In Copyright - Educational Use Permitted. For more information, please contact University of Idaho Library Special Collections and Archives Department at libspec@uidaho.edu.",http://rightsstatements.org/vocab/InC-EDU/1.0/,,,Image;StillImage,image/jpeg,,,,,,gallery_image,sbw323_img.jpg,https://objects.lib.uidaho.edu/sbw/sbw323_img.jpg,https://objects.lib.uidaho.edu/sbw/small/sbw323_img_sm.jpg,https://objects.lib.uidaho.edu/sbw/thumbs/sbw323_img_th.jpg,,
sbw324-img1,sbw324,Sign marking the boundary of the Selway-Bitterroot Wilderness,,,,,,,Wilderness Voices,,Selway-Bitterroot Wilderness (Idaho and Mont.),,,"Wilderness Voices, The Selway-Bitteroot Wilderness History Project, https://selwaybitterrootproject.wordpress.com/","The Selway-Bitterroot Wilderness History Project, http://sbw.lib.uidaho.edu/index.html","Wilderness Voices, The Selway-Bitteroot Wilderness History Project, https://selwaybitterrootproject.wordpress.com/",https://selwaybitterrootproject.wordpress.com/2013/07/25/40th-anniversary-of-the-wilderness-act/; https://selwaybitterrootproject.wordpress.com/wp-content/uploads/2013/07/3696258548_8cff158790_o.jpg,,,Selway-Podcast-ep39,"Copyright: The Selway-Bitteroot Wilderness History Project. In Copyright - Educational Use Permitted. For more information, please contact University of Idaho Library Special Collections and Archives Department at libspec@uidaho.edu.",http://rightsstatements.org/vocab/InC-EDU/1.0/,,,Image;StillImage,image/jpeg,,,,,,gallery_image,sbw324_img.jpg,https://objects.lib.uidaho.edu/sbw/sbw324_img.jpg,https://objects.lib.uidaho.edu/sbw/small/sbw324_img_sm.jpg,https://objects.lib.uidaho.edu/sbw/thumbs/sbw324_img_th.jpg,,
sbw325-img1,sbw325,"Emil and Penny Keck, ca 1976. Photo courtesy Alan C",,,,,,,Wilderness Voices,,Selway-Bitterroot Wilderness (Idaho and Mont.),,,"Wilderness Voices, The Selway-Bitteroot Wilderness History Project, https://selwaybitterrootproject.wordpress.com/","The Selway-Bitterroot Wilderness History Project, http://sbw.lib.uidaho.edu/index.html","Wilderness Voices, The Selway-Bitteroot Wilderness History Project, https://selwaybitterrootproject.wordpress.com/",https://selwaybitterrootproject.wordpress.com/2013/07/18/impact/; https://selwaybitterrootproject.wordpress.com/wp-content/uploads/2013/07/moosecreek12a.jpg,,,Selway-Podcast-ep38,"Copyright: The Selway-Bitteroot Wilderness History Project. In Copyright - Educational Use Permitted. For more information, please contact University of Idaho Library Special Collections and Archives Department at libspec@uidaho.edu.",http://rightsstatements.org/vocab/InC-EDU/1.0/,,,Image;StillImage,image/jpeg,,,,,,gallery_image,sbw325_img.jpg,https://objects.lib.uidaho.edu/sbw/sbw325_img.jpg,https://objects.lib.uidaho.edu/sbw/small/sbw325_img_sm.jpg,https://objects.lib.uidaho.edu/sbw/thumbs/sbw325_img_th.jpg,,
sbw326-img1,sbw326,Matt Root in 2011 holding a reproduction of a Native American spear. Photo courtesy of Debbie Lee,,,,,,,Wilderness Voices,,Selway-Bitterroot Wilderness (Idaho and Mont.),,,"Wilderness Voices, The Selway-Bitteroot Wilderness History Project, https://selwaybitterrootproject.wordpress.com/","The Selway-Bitterroot Wilderness History Project, http://sbw.lib.uidaho.edu/index.html","Wilderness Voices, The Selway-Bitteroot Wilderness History Project, https://selwaybitterrootproject.wordpress.com/",https://selwaybitterrootproject.wordpress.com/2013/06/04/shards-of-the-past/; https://selwaybitterrootproject.wordpress.com/wp-content/uploads/2013/06/matt-root.jpg,,,Selway-Podcast-ep37,"Copyright: The Selway-Bitteroot Wilderness History Project. In Copyright - Educational Use Permitted. For more information, please contact University of Idaho Library Special Collections and Archives Department at libspec@uidaho.edu.",http://rightsstatements.org/vocab/InC-EDU/1.0/,,,Image;StillImage,image/jpeg,,,,,,gallery_image,sbw326_img.jpg,https://objects.lib.uidaho.edu/sbw/sbw326_img.jpg,https://objects.lib.uidaho.edu/sbw/small/sbw326_img_sm.jpg,https://objects.lib.uidaho.edu/sbw/thumbs/sbw326_img_th.jpg,,
sbw327-img1,sbw327,Dennis Baird in front of Elk Mountain. Photo courtesy Eric Barker/Lewiston Morning Tribune,,,,,,,Wilderness Voices,,Selway-Bitterroot Wilderness (Idaho and Mont.),,,"Wilderness Voices, The Selway-Bitteroot Wilderness History Project, https://selwaybitterrootproject.wordpress.com/","The Selway-Bitterroot Wilderness History Project, http://sbw.lib.uidaho.edu/index.html","Wilderness Voices, The Selway-Bitteroot Wilderness History Project, https://selwaybitterrootproject.wordpress.com/",https://selwaybitterrootproject.wordpress.com/2013/05/17/wilderness_boundaries/; https://selwaybitterrootproject.wordpress.com/wp-content/uploads/2013/05/50242f67897a2-image.jpg,,,Selway-Podcast-ep36,"Copyright: The Selway-Bitteroot Wilderness History Project. In Copyright - Educational Use Permitted. For more information, please contact University of Idaho Library Special Collections and Archives Department at libspec@uidaho.edu.",http://rightsstatements.org/vocab/InC-EDU/1.0/,,,Image;StillImage,image/jpeg,,,,,,gallery_image,sbw327_img.jpg,https://objects.lib.uidaho.edu/sbw/sbw327_img.jpg,https://objects.lib.uidaho.edu/sbw/small/sbw327_img_sm.jpg,https://objects.lib.uidaho.edu/sbw/thumbs/sbw327_img_th.jpg,,
sbw328-img1,sbw328,"Nels Jensen, 2011",,,,,,,Wilderness Voices,,Selway-Bitterroot Wilderness (Idaho and Mont.),,,"Wilderness Voices, The Selway-Bitteroot Wilderness History Project, https://selwaybitterrootproject.wordpress.com/","The Selway-Bitterroot Wilderness History Project, http://sbw.lib.uidaho.edu/index.html","Wilderness Voices, The Selway-Bitteroot Wilderness History Project, https://selwaybitterrootproject.wordpress.com/",https://selwaybitterrootproject.wordpress.com/2013/04/19/the-1979-crash/; https://selwaybitterrootproject.wordpress.com/wp-content/uploads/2013/04/nels-jensen.jpg,,,Selway-Podcast-ep35,"Copyright: The Selway-Bitteroot Wilderness History Project. In Copyright - Educational Use Permitted. For more information, please contact University of Idaho Library Special Collections and Archives Department at libspec@uidaho.edu.",http://rightsstatements.org/vocab/InC-EDU/1.0/,,,Image;StillImage,image/jpeg,,,,,,gallery_image,sbw328_img.jpg,https://objects.lib.uidaho.edu/sbw/sbw328_img.jpg,https://objects.lib.uidaho.edu/sbw/small/sbw328_img_sm.jpg,https://objects.lib.uidaho.edu/sbw/thumbs/sbw328_img_th.jpg,,
sbw315-img1,sbw315,Anna Bengtson,,,,,,,Wilderness Voices,,Selway-Bitterroot Wilderness (Idaho and Mont.),,,"Wilderness Voices, The Selway-Bitteroot Wilderness History Project, https://selwaybitterrootproject.wordpress.com/","The Selway-Bitterroot Wilderness History Project, http://sbw.lib.uidaho.edu/index.html","Wilderness Voices, The Selway-Bitteroot Wilderness History Project, https://selwaybitterrootproject.wordpress.com/",https://selwaybitterrootproject.wordpress.com/2013/02/19/letters-by-mule-post/; https://selwaybitterrootproject.wordpress.com/wp-content/uploads/2013/02/dscn4926.jpg,,,Selway-Podcast-ep34,"Copyright: The Selway-Bitteroot Wilderness History Project. In Copyright - Educational Use Permitted. For more information, please contact University of Idaho Library Special Collections and Archives Department at libspec@uidaho.edu.",http://rightsstatements.org/vocab/InC-EDU/1.0/,,,Image;StillImage,image/jpeg,,,,,,gallery_image,sbw315_img.jpg,https://objects.lib.uidaho.edu/sbw/sbw315_img.jpg,https://objects.lib.uidaho.edu/sbw/small/sbw315_img_sm.jpg,https://objects.lib.uidaho.edu/sbw/thumbs/sbw315_img_th.jpg,,
sbw314-img1,sbw314,"Dale Dufour, 2011",,,,,,,Wilderness Voices,,Selway-Bitterroot Wilderness (Idaho and Mont.),,,"Wilderness Voices, The Selway-Bitteroot Wilderness History Project, https://selwaybitterrootproject.wordpress.com/","The Selway-Bitterroot Wilderness History Project, http://sbw.lib.uidaho.edu/index.html","Wilderness Voices, The Selway-Bitteroot Wilderness History Project, https://selwaybitterrootproject.wordpress.com/",https://selwaybitterrootproject.wordpress.com/2013/01/30/travelers-rest/; https://selwaybitterrootproject.wordpress.com/wp-content/uploads/2013/01/dale-dufour.jpg,,,Selway-Podcast-ep33,"Copyright: The Selway-Bitteroot Wilderness History Project. In Copyright - Educational Use Permitted. For more information, please contact University of Idaho Library Special Collections and Archives Department at libspec@uidaho.edu.",http://rightsstatements.org/vocab/InC-EDU/1.0/,,,Image;StillImage,image/jpeg,,,,,,gallery_image,sbw314_img.jpg,https://objects.lib.uidaho.edu/sbw/sbw314_img.jpg,https://objects.lib.uidaho.edu/sbw/small/sbw314_img_sm.jpg,https://objects.lib.uidaho.edu/sbw/thumbs/sbw314_img_th.jpg,,
sbw331-img1,sbw331,"Bob Marshall, 1920's",,,,,,,Wilderness Voices,,Selway-Bitterroot Wilderness (Idaho and Mont.),,,"Wilderness Voices, The Selway-Bitteroot Wilderness History Project, https://selwaybitterrootproject.wordpress.com/","The Selway-Bitterroot Wilderness History Project, http://sbw.lib.uidaho.edu/index.html","Wilderness Voices, The Selway-Bitteroot Wilderness History Project, https://selwaybitterrootproject.wordpress.com/",https://selwaybitterrootproject.wordpress.com/2013/01/21/a-lumber-camp-and-bob-marshall/; https://selwaybitterrootproject.wordpress.com/wp-content/uploads/2013/01/bob-whiskers-postcard-web1.jpg,,,Selway-Podcast-ep32,"Copyright: The Selway-Bitteroot Wilderness History Project. In Copyright - Educational Use Permitted. For more information, please contact University of Idaho Library Special Collections and Archives Department at libspec@uidaho.edu.",http://rightsstatements.org/vocab/InC-EDU/1.0/,,,Image;StillImage,image/jpeg,,,,,,gallery_image,sbw331_img.jpg,https://objects.lib.uidaho.edu/sbw/sbw331_img.jpg,https://objects.lib.uidaho.edu/sbw/small/sbw331_img_sm.jpg,https://objects.lib.uidaho.edu/sbw/thumbs/sbw331_img_th.jpg,,
sbw313-img1,sbw313,Gifford Pinchot,,,,,,,Wilderness Voices,,Selway-Bitterroot Wilderness (Idaho and Mont.),,,"Wilderness Voices, The Selway-Bitteroot Wilderness History Project, https://selwaybitterrootproject.wordpress.com/","The Selway-Bitterroot Wilderness History Project, http://sbw.lib.uidaho.edu/index.html","Wilderness Voices, The Selway-Bitteroot Wilderness History Project, https://selwaybitterrootproject.wordpress.com/",https://selwaybitterrootproject.wordpress.com/2013/01/21/dear-mother-and-father/; https://selwaybitterrootproject.wordpress.com/wp-content/uploads/2013/01/gifford-pinchot.jpg,,,Selway-Podcast-ep31,"Copyright: The Selway-Bitteroot Wilderness History Project. In Copyright - Educational Use Permitted. For more information, please contact University of Idaho Library Special Collections and Archives Department at libspec@uidaho.edu.",http://rightsstatements.org/vocab/InC-EDU/1.0/,,,Image;StillImage,image/jpeg,,,,,,gallery_image,sbw313_img.jpg,https://objects.lib.uidaho.edu/sbw/sbw313_img.jpg,https://objects.lib.uidaho.edu/sbw/small/sbw313_img_sm.jpg,https://objects.lib.uidaho.edu/sbw/thumbs/sbw313_img_th.jpg,,
sbw312-img1,sbw312,Nez Perce Woman,,,,,,,Wilderness Voices,,Selway-Bitterroot Wilderness (Idaho and Mont.),,,"Wilderness Voices, The Selway-Bitteroot Wilderness History Project, https://selwaybitterrootproject.wordpress.com/","The Selway-Bitterroot Wilderness History Project, http://sbw.lib.uidaho.edu/index.html","Wilderness Voices, The Selway-Bitteroot Wilderness History Project, https://selwaybitterrootproject.wordpress.com/",https://selwaybitterrootproject.wordpress.com/2013/01/15/wyakin-songs/; https://selwaybitterrootproject.wordpress.com/wp-content/uploads/2013/01/nez-perce-indian-woman.jpg,,,Selway-Podcast-ep30,"Copyright: The Selway-Bitteroot Wilderness History Project. In Copyright - Educational Use Permitted. For more information, please contact University of Idaho Library Special Collections and Archives Department at libspec@uidaho.edu.",http://rightsstatements.org/vocab/InC-EDU/1.0/,,,Image;StillImage,image/jpeg,,,,,,gallery_image,sbw312_img.jpg,https://objects.lib.uidaho.edu/sbw/sbw312_img.jpg,https://objects.lib.uidaho.edu/sbw/small/sbw312_img_sm.jpg,https://objects.lib.uidaho.edu/sbw/thumbs/sbw312_img_th.jpg,,
sbw311-img1,sbw311,Dave Aldrich 2011,,,,,,,Wilderness Voices,,Selway-Bitterroot Wilderness (Idaho and Mont.),,,"Wilderness Voices, The Selway-Bitteroot Wilderness History Project, https://selwaybitterrootproject.wordpress.com/","The Selway-Bitterroot Wilderness History Project, http://sbw.lib.uidaho.edu/index.html","Wilderness Voices, The Selway-Bitteroot Wilderness History Project, https://selwaybitterrootproject.wordpress.com/",https://selwaybitterrootproject.wordpress.com/2012/09/05/paradigm-shift/; https://selwaybitterrootproject.wordpress.com/wp-content/uploads/2012/09/dave-aldrich-2011.jpg,,,Selway-Podcast-ep29,"Copyright: The Selway-Bitteroot Wilderness History Project. In Copyright - Educational Use Permitted. For more information, please contact University of Idaho Library Special Collections and Archives Department at libspec@uidaho.edu.",http://rightsstatements.org/vocab/InC-EDU/1.0/,,,Image;StillImage,image/jpeg,,,,,,gallery_image,sbw311_img.jpg,https://objects.lib.uidaho.edu/sbw/sbw311_img.jpg,https://objects.lib.uidaho.edu/sbw/small/sbw311_img_sm.jpg,https://objects.lib.uidaho.edu/sbw/thumbs/sbw311_img_th.jpg,,
sbw310-img1,sbw310,"Bruce Farling, 2011",,,,,,,Wilderness Voices,,Selway-Bitterroot Wilderness (Idaho and Mont.),,,"Wilderness Voices, The Selway-Bitteroot Wilderness History Project, https://selwaybitterrootproject.wordpress.com/","The Selway-Bitterroot Wilderness History Project, http://sbw.lib.uidaho.edu/index.html","Wilderness Voices, The Selway-Bitteroot Wilderness History Project, https://selwaybitterrootproject.wordpress.com/",https://selwaybitterrootproject.wordpress.com/2012/08/31/rangers-at-moose-creek/; https://selwaybitterrootproject.wordpress.com/wp-content/uploads/2012/08/bruce-farling-portrait.jpg,,,Selway-Podcast-ep28,"Copyright: The Selway-Bitteroot Wilderness History Project. In Copyright - Educational Use Permitted. For more information, please contact University of Idaho Library Special Collections and Archives Department at libspec@uidaho.edu.",http://rightsstatements.org/vocab/InC-EDU/1.0/,,,Image;StillImage,image/jpeg,,,,,,gallery_image,sbw310_img.jpg,https://objects.lib.uidaho.edu/sbw/sbw310_img.jpg,https://objects.lib.uidaho.edu/sbw/small/sbw310_img_sm.jpg,https://objects.lib.uidaho.edu/sbw/thumbs/sbw310_img_th.jpg,,
sbw309-img1,sbw309,Dave Campbell at the West Fork Ranger Station 2011,,,,,,,Wilderness Voices,,Selway-Bitterroot Wilderness (Idaho and Mont.),,,"Wilderness Voices, The Selway-Bitteroot Wilderness History Project, https://selwaybitterrootproject.wordpress.com/","The Selway-Bitterroot Wilderness History Project, http://sbw.lib.uidaho.edu/index.html","Wilderness Voices, The Selway-Bitteroot Wilderness History Project, https://selwaybitterrootproject.wordpress.com/",https://selwaybitterrootproject.wordpress.com/2012/08/20/wild-wolf-howl/; https://selwaybitterrootproject.wordpress.com/wp-content/uploads/2012/08/dave-campbell-at-the-west-fork-ranger-station-2011.jpg,,,Selway-Podcast-ep27,"Copyright: The Selway-Bitteroot Wilderness History Project. In Copyright - Educational Use Permitted. For more information, please contact University of Idaho Library Special Collections and Archives Department at libspec@uidaho.edu.",http://rightsstatements.org/vocab/InC-EDU/1.0/,,,Image;StillImage,image/jpeg,,,,,,gallery_image,sbw309_img.jpg,https://objects.lib.uidaho.edu/sbw/sbw309_img.jpg,https://objects.lib.uidaho.edu/sbw/small/sbw309_img_sm.jpg,https://objects.lib.uidaho.edu/sbw/thumbs/sbw309_img_th.jpg,,
sbw308-img1,sbw308,"Orville Daniels, 2011",,,,,,,Wilderness Voices,,Selway-Bitterroot Wilderness (Idaho and Mont.),,,"Wilderness Voices, The Selway-Bitteroot Wilderness History Project, https://selwaybitterrootproject.wordpress.com/","The Selway-Bitterroot Wilderness History Project, http://sbw.lib.uidaho.edu/index.html","Wilderness Voices, The Selway-Bitteroot Wilderness History Project, https://selwaybitterrootproject.wordpress.com/",https://selwaybitterrootproject.wordpress.com/2012/08/18/the-bad-luck-fire/; https://selwaybitterrootproject.wordpress.com/wp-content/uploads/2012/08/orville-daniels-portrait.jpg,,,Selway-Podcast-ep26,"Copyright: The Selway-Bitteroot Wilderness History Project. In Copyright - Educational Use Permitted. For more information, please contact University of Idaho Library Special Collections and Archives Department at libspec@uidaho.edu.",http://rightsstatements.org/vocab/InC-EDU/1.0/,,,Image;StillImage,image/jpeg,,,,,,gallery_image,sbw308_img.jpg,https://objects.lib.uidaho.edu/sbw/sbw308_img.jpg,https://objects.lib.uidaho.edu/sbw/small/sbw308_img_sm.jpg,https://objects.lib.uidaho.edu/sbw/thumbs/sbw308_img_th.jpg,,
sbw307-img1,sbw307,Josh Dolezal,,,,,,,Wilderness Voices,,Selway-Bitterroot Wilderness (Idaho and Mont.),,,"Wilderness Voices, The Selway-Bitteroot Wilderness History Project, https://selwaybitterrootproject.wordpress.com/","The Selway-Bitterroot Wilderness History Project, http://sbw.lib.uidaho.edu/index.html","Wilderness Voices, The Selway-Bitteroot Wilderness History Project, https://selwaybitterrootproject.wordpress.com/",https://selwaybitterrootproject.wordpress.com/2012/08/09/inspiration/; https://i0.wp.com/selwaybitterrootproject.files.wordpress.com/2017/12/josh-2a.jpg,,,Selway-Podcast-ep25,"Copyright: The Selway-Bitteroot Wilderness History Project. In Copyright - Educational Use Permitted. For more information, please contact University of Idaho Library Special Collections and Archives Department at libspec@uidaho.edu.",http://rightsstatements.org/vocab/InC-EDU/1.0/,,,Image;StillImage,image/jpeg,,,,,,gallery_image,sbw307_img.jpg,https://objects.lib.uidaho.edu/sbw/sbw307_img.jpg,https://objects.lib.uidaho.edu/sbw/small/sbw307_img_sm.jpg,https://objects.lib.uidaho.edu/sbw/thumbs/sbw307_img_th.jpg,,
sbw306-img1,sbw306,Mary Erickson,,,,,,,Wilderness Voices,,Selway-Bitterroot Wilderness (Idaho and Mont.),,,"Wilderness Voices, The Selway-Bitteroot Wilderness History Project, https://selwaybitterrootproject.wordpress.com/","The Selway-Bitterroot Wilderness History Project, http://sbw.lib.uidaho.edu/index.html","Wilderness Voices, The Selway-Bitteroot Wilderness History Project, https://selwaybitterrootproject.wordpress.com/",https://selwaybitterrootproject.wordpress.com/2012/07/31/first-trip-in/; https://selwaybitterrootproject.wordpress.com/wp-content/uploads/2012/07/mary-2.jpg,,,Selway-Podcast-ep24,"Copyright: The Selway-Bitteroot Wilderness History Project. In Copyright - Educational Use Permitted. For more information, please contact University of Idaho Library Special Collections and Archives Department at libspec@uidaho.edu.",http://rightsstatements.org/vocab/InC-EDU/1.0/,,,Image;StillImage,image/jpeg,,,,,,gallery_image,sbw306_img.jpg,https://objects.lib.uidaho.edu/sbw/sbw306_img.jpg,https://objects.lib.uidaho.edu/sbw/small/sbw306_img_sm.jpg,https://objects.lib.uidaho.edu/sbw/thumbs/sbw306_img_th.jpg,,
sbw305-img1,sbw305,"Running Creek Ranch, as seen from the air",,,,,,,Wilderness Voices,,Selway-Bitterroot Wilderness (Idaho and Mont.),,,"Wilderness Voices, The Selway-Bitteroot Wilderness History Project, https://selwaybitterrootproject.wordpress.com/","The Selway-Bitterroot Wilderness History Project, http://sbw.lib.uidaho.edu/index.html","Wilderness Voices, The Selway-Bitteroot Wilderness History Project, https://selwaybitterrootproject.wordpress.com/",https://selwaybitterrootproject.wordpress.com/2012/07/06/wilderness-encounter/; https://selwaybitterrootproject.wordpress.com/wp-content/uploads/2012/07/runningcreekranch7.jpg,,,Selway-Podcast-ep23,"Copyright: The Selway-Bitteroot Wilderness History Project. In Copyright - Educational Use Permitted. For more information, please contact University of Idaho Library Special Collections and Archives Department at libspec@uidaho.edu.",http://rightsstatements.org/vocab/InC-EDU/1.0/,,,Image;StillImage,image/jpeg,,,,,,gallery_image,sbw305_img.jpg,https://objects.lib.uidaho.edu/sbw/sbw305_img.jpg,https://objects.lib.uidaho.edu/sbw/small/sbw305_img_sm.jpg,https://objects.lib.uidaho.edu/sbw/thumbs/sbw305_img_th.jpg,,
sbw304-img1,sbw304,"Bill Worf and his daughter, Gloria (Worf) Owen in October, 2011 at a USFS ceremony.",,,,,,,Wilderness Voices,,Selway-Bitterroot Wilderness (Idaho and Mont.),,,"Wilderness Voices, The Selway-Bitteroot Wilderness History Project, https://selwaybitterrootproject.wordpress.com/","The Selway-Bitterroot Wilderness History Project, http://sbw.lib.uidaho.edu/index.html","Wilderness Voices, The Selway-Bitteroot Wilderness History Project, https://selwaybitterrootproject.wordpress.com/",https://selwaybitterrootproject.wordpress.com/2012/07/03/defining-wilderness/; https://selwaybitterrootproject.wordpress.com/wp-content/uploads/2012/07/stelprdb5335508.jpg,,,Selway-Podcast-ep22,"Copyright: The Selway-Bitteroot Wilderness History Project. In Copyright - Educational Use Permitted. For more information, please contact University of Idaho Library Special Collections and Archives Department at libspec@uidaho.edu.",http://rightsstatements.org/vocab/InC-EDU/1.0/,,,Image;StillImage,image/jpeg,,,,,,gallery_image,sbw304_img.jpg,https://objects.lib.uidaho.edu/sbw/sbw304_img.jpg,https://objects.lib.uidaho.edu/sbw/small/sbw304_img_sm.jpg,https://objects.lib.uidaho.edu/sbw/thumbs/sbw304_img_th.jpg,,
sbw303-img1,sbw303,"Dick Hulla, 2011",,,,,,,Wilderness Voices,,Selway-Bitterroot Wilderness (Idaho and Mont.),,,"Wilderness Voices, The Selway-Bitteroot Wilderness History Project, https://selwaybitterrootproject.wordpress.com/","The Selway-Bitterroot Wilderness History Project, http://sbw.lib.uidaho.edu/index.html","Wilderness Voices, The Selway-Bitteroot Wilderness History Project, https://selwaybitterrootproject.wordpress.com/",https://selwaybitterrootproject.wordpress.com/2012/05/30/smokejumping/; https://selwaybitterrootproject.wordpress.com/wp-content/uploads/2012/05/dick-hulla-portrait.jpg,,,Selway-Podcast-ep21,"Copyright: The Selway-Bitteroot Wilderness History Project. In Copyright - Educational Use Permitted. For more information, please contact University of Idaho Library Special Collections and Archives Department at libspec@uidaho.edu.",http://rightsstatements.org/vocab/InC-EDU/1.0/,,,Image;StillImage,image/jpeg,,,,,,gallery_image,sbw303_img.jpg,https://objects.lib.uidaho.edu/sbw/sbw303_img.jpg,https://objects.lib.uidaho.edu/sbw/small/sbw303_img_sm.jpg,https://objects.lib.uidaho.edu/sbw/thumbs/sbw303_img_th.jpg,,
sbw302-img1,sbw302,Warren Miller using a torch to temper saw teeth,,,,,,,Wilderness Voices,,Selway-Bitterroot Wilderness (Idaho and Mont.),,,"Wilderness Voices, The Selway-Bitteroot Wilderness History Project, https://selwaybitterrootproject.wordpress.com/","The Selway-Bitterroot Wilderness History Project, http://sbw.lib.uidaho.edu/index.html","Wilderness Voices, The Selway-Bitteroot Wilderness History Project, https://selwaybitterrootproject.wordpress.com/",https://selwaybitterrootproject.wordpress.com/2012/05/23/crosscutting/; https://selwaybitterrootproject.wordpress.com/wp-content/uploads/2012/05/warrentorch.jpg,,,Selway-Podcast-ep20,"Copyright: The Selway-Bitteroot Wilderness History Project. In Copyright - Educational Use Permitted. For more information, please contact University of Idaho Library Special Collections and Archives Department at libspec@uidaho.edu.",http://rightsstatements.org/vocab/InC-EDU/1.0/,,,Image;StillImage,image/jpeg,,,,,,gallery_image,sbw302_img.jpg,https://objects.lib.uidaho.edu/sbw/sbw302_img.jpg,https://objects.lib.uidaho.edu/sbw/small/sbw302_img_sm.jpg,https://objects.lib.uidaho.edu/sbw/thumbs/sbw302_img_th.jpg,,
sbw301-img1,sbw301,"Warren Miller, 2010",,,,,,,Wilderness Voices,,Selway-Bitterroot Wilderness (Idaho and Mont.),,,"Wilderness Voices, The Selway-Bitteroot Wilderness History Project, https://selwaybitterrootproject.wordpress.com/","The Selway-Bitterroot Wilderness History Project, http://sbw.lib.uidaho.edu/index.html","Wilderness Voices, The Selway-Bitteroot Wilderness History Project, https://selwaybitterrootproject.wordpress.com/",https://selwaybitterrootproject.wordpress.com/2012/05/23/managing-wilderness-is-an-oxymoron/; https://selwaybitterrootproject.wordpress.com/wp-content/uploads/2012/05/dsc_00471.jpg,,,Selway-Podcast-ep19,"Copyright: The Selway-Bitteroot Wilderness History Project. In Copyright - Educational Use Permitted. For more information, please contact University of Idaho Library Special Collections and Archives Department at libspec@uidaho.edu.",http://rightsstatements.org/vocab/InC-EDU/1.0/,,,Image;StillImage,image/jpeg,,,,,,gallery_image,sbw301_img.jpg,https://objects.lib.uidaho.edu/sbw/sbw301_img.jpg,https://objects.lib.uidaho.edu/sbw/small/sbw301_img_sm.jpg,https://objects.lib.uidaho.edu/sbw/thumbs/sbw301_img_th.jpg,,
sbw300-img1,sbw300,"Penny Keck, 2011",,,,,,,Wilderness Voices,,Selway-Bitterroot Wilderness (Idaho and Mont.),,,"Wilderness Voices, The Selway-Bitteroot Wilderness History Project, https://selwaybitterrootproject.wordpress.com/","The Selway-Bitterroot Wilderness History Project, http://sbw.lib.uidaho.edu/index.html","Wilderness Voices, The Selway-Bitteroot Wilderness History Project, https://selwaybitterrootproject.wordpress.com/",https://selwaybitterrootproject.wordpress.com/2012/05/17/backcountry-bridge-building/; https://selwaybitterrootproject.wordpress.com/wp-content/uploads/2012/05/penny.jpg,,,Selway-Podcast-ep18,"Copyright: The Selway-Bitteroot Wilderness History Project. In Copyright - Educational Use Permitted. For more information, please contact University of Idaho Library Special Collections and Archives Department at libspec@uidaho.edu.",http://rightsstatements.org/vocab/InC-EDU/1.0/,,,Image;StillImage,image/jpeg,,,,,,gallery_image,sbw300_img.jpg,https://objects.lib.uidaho.edu/sbw/sbw300_img.jpg,https://objects.lib.uidaho.edu/sbw/small/sbw300_img_sm.jpg,https://objects.lib.uidaho.edu/sbw/thumbs/sbw300_img_th.jpg,,
sbw299-img1,sbw299,"The beautiful, pristine Selway River, near Bear Creek, 2010. Photo courtesy Debbie Lee",,,,,,,Wilderness Voices,,Selway-Bitterroot Wilderness (Idaho and Mont.),,,"Wilderness Voices, The Selway-Bitteroot Wilderness History Project, https://selwaybitterrootproject.wordpress.com/","The Selway-Bitterroot Wilderness History Project, http://sbw.lib.uidaho.edu/index.html","Wilderness Voices, The Selway-Bitteroot Wilderness History Project, https://selwaybitterrootproject.wordpress.com/",https://selwaybitterrootproject.wordpress.com/2012/05/14/what-is-the-greatest-threat-to-wilderness/; https://selwaybitterrootproject.wordpress.com/wp-content/uploads/2012/05/dscn3281.jpg,,,Selway-Podcast-ep17,"Copyright: The Selway-Bitteroot Wilderness History Project. In Copyright - Educational Use Permitted. For more information, please contact University of Idaho Library Special Collections and Archives Department at libspec@uidaho.edu.",http://rightsstatements.org/vocab/InC-EDU/1.0/,,,Image;StillImage,image/jpeg,,,,,,gallery_image,sbw299_img.jpg,https://objects.lib.uidaho.edu/sbw/sbw299_img.jpg,https://objects.lib.uidaho.edu/sbw/small/sbw299_img_sm.jpg,https://objects.lib.uidaho.edu/sbw/thumbs/sbw299_img_th.jpg,,
sbw298-img1,sbw298,"Sarah Swett, 2011",,,,,,,Wilderness Voices,,Selway-Bitterroot Wilderness (Idaho and Mont.),,,"Wilderness Voices, The Selway-Bitteroot Wilderness History Project, https://selwaybitterrootproject.wordpress.com/","The Selway-Bitterroot Wilderness History Project, http://sbw.lib.uidaho.edu/index.html","Wilderness Voices, The Selway-Bitteroot Wilderness History Project, https://selwaybitterrootproject.wordpress.com/",https://selwaybitterrootproject.wordpress.com/2012/05/01/domesticity/; https://selwaybitterrootproject.wordpress.com/wp-content/uploads/2012/04/dsc_0111.jpg,,,Selway-Podcast-ep16,"Copyright: The Selway-Bitteroot Wilderness History Project. In Copyright - Educational Use Permitted. For more information, please contact University of Idaho Library Special Collections and Archives Department at libspec@uidaho.edu.",http://rightsstatements.org/vocab/InC-EDU/1.0/,,,Image;StillImage,image/jpeg,,,,,,gallery_image,sbw298_img.jpg,https://objects.lib.uidaho.edu/sbw/sbw298_img.jpg,https://objects.lib.uidaho.edu/sbw/small/sbw298_img_sm.jpg,https://objects.lib.uidaho.edu/sbw/thumbs/sbw298_img_th.jpg,,
sbw297-img1,sbw297,"Bob Mutch, White Cap, August 1979",,,,,,,Wilderness Voices,,Selway-Bitterroot Wilderness (Idaho and Mont.),,,"Wilderness Voices, The Selway-Bitteroot Wilderness History Project, https://selwaybitterrootproject.wordpress.com/","The Selway-Bitterroot Wilderness History Project, http://sbw.lib.uidaho.edu/index.html","Wilderness Voices, The Selway-Bitteroot Wilderness History Project, https://selwaybitterrootproject.wordpress.com/",https://selwaybitterrootproject.wordpress.com/2011/11/08/to-the-next-generation/; https://selwaybitterrootproject.wordpress.com/wp-content/uploads/2011/11/bob-mutch-white-cap-august-1979-2.jpg,,,Selway-Podcast-ep15,"Copyright: The Selway-Bitteroot Wilderness History Project. In Copyright - Educational Use Permitted. For more information, please contact University of Idaho Library Special Collections and Archives Department at libspec@uidaho.edu.",http://rightsstatements.org/vocab/InC-EDU/1.0/,,,Image;StillImage,image/jpeg,,,,,,gallery_image,sbw297_img.jpg,https://objects.lib.uidaho.edu/sbw/sbw297_img.jpg,https://objects.lib.uidaho.edu/sbw/small/sbw297_img_sm.jpg,https://objects.lib.uidaho.edu/sbw/thumbs/sbw297_img_th.jpg,,
sbw296-img1,sbw296,"Bob Mutch, 2011",,,,,,,Wilderness Voices,,Selway-Bitterroot Wilderness (Idaho and Mont.),,,"Wilderness Voices, The Selway-Bitteroot Wilderness History Project, https://selwaybitterrootproject.wordpress.com/","The Selway-Bitterroot Wilderness History Project, http://sbw.lib.uidaho.edu/index.html","Wilderness Voices, The Selway-Bitteroot Wilderness History Project, https://selwaybitterrootproject.wordpress.com/",https://selwaybitterrootproject.wordpress.com/2011/11/08/naturally-occurring-fire/; https://selwaybitterrootproject.wordpress.com/wp-content/uploads/2011/11/bob-mutch-portrait2.jpg,,,Selway-Podcast-ep14,"Copyright: The Selway-Bitteroot Wilderness History Project. In Copyright - Educational Use Permitted. For more information, please contact University of Idaho Library Special Collections and Archives Department at libspec@uidaho.edu.",http://rightsstatements.org/vocab/InC-EDU/1.0/,,,Image;StillImage,image/jpeg,,,,,,gallery_image,sbw296_img.jpg,https://objects.lib.uidaho.edu/sbw/sbw296_img.jpg,https://objects.lib.uidaho.edu/sbw/small/sbw296_img_sm.jpg,https://objects.lib.uidaho.edu/sbw/thumbs/sbw296_img_th.jpg,,
sbw295-img1,sbw295,Fish Lake Airport sign,,,,,,,Wilderness Voices,,Selway-Bitterroot Wilderness (Idaho and Mont.),,,"Wilderness Voices, The Selway-Bitteroot Wilderness History Project, https://selwaybitterrootproject.wordpress.com/","The Selway-Bitterroot Wilderness History Project, http://sbw.lib.uidaho.edu/index.html","Wilderness Voices, The Selway-Bitteroot Wilderness History Project, https://selwaybitterrootproject.wordpress.com/",https://selwaybitterrootproject.wordpress.com/2011/08/16/fish-lake-disasters/; https://selwaybitterrootproject.wordpress.com/wp-content/uploads/2011/08/fishlakeairport.png,,,Selway-Podcast-ep13,"Copyright: The Selway-Bitteroot Wilderness History Project. In Copyright - Educational Use Permitted. For more information, please contact University of Idaho Library Special Collections and Archives Department at libspec@uidaho.edu.",http://rightsstatements.org/vocab/InC-EDU/1.0/,,,Image;StillImage,image/jpeg,,,,,,gallery_image,sbw295_img.jpg,https://objects.lib.uidaho.edu/sbw/sbw295_img.jpg,https://objects.lib.uidaho.edu/sbw/small/sbw295_img_sm.jpg,https://objects.lib.uidaho.edu/sbw/thumbs/sbw295_img_th.jpg,,
sbw294-img1,sbw294,"Allen Renshaw, 2011",,,,,,,Wilderness Voices,,Selway-Bitterroot Wilderness (Idaho and Mont.),,,"Wilderness Voices, The Selway-Bitteroot Wilderness History Project, https://selwaybitterrootproject.wordpress.com/","The Selway-Bitterroot Wilderness History Project, http://sbw.lib.uidaho.edu/index.html","Wilderness Voices, The Selway-Bitteroot Wilderness History Project, https://selwaybitterrootproject.wordpress.com/",https://selwaybitterrootproject.wordpress.com/2011/08/16/wilderness-childhood/; https://selwaybitterrootproject.wordpress.com/wp-content/uploads/2011/08/allan-renshaw-portrait.jpg,,,Selway-Podcast-ep12,"Copyright: The Selway-Bitteroot Wilderness History Project. In Copyright - Educational Use Permitted. For more information, please contact University of Idaho Library Special Collections and Archives Department at libspec@uidaho.edu.",http://rightsstatements.org/vocab/InC-EDU/1.0/,,,Image;StillImage,image/jpeg,,,,,,gallery_image,sbw294_img.jpg,https://objects.lib.uidaho.edu/sbw/sbw294_img.jpg,https://objects.lib.uidaho.edu/sbw/small/sbw294_img_sm.jpg,https://objects.lib.uidaho.edu/sbw/thumbs/sbw294_img_th.jpg,,
sbw293-img1,sbw293,"Mack Bohrmann, 2011",,,,,,,Wilderness Voices,,Selway-Bitterroot Wilderness (Idaho and Mont.),,,"Wilderness Voices, The Selway-Bitteroot Wilderness History Project, https://selwaybitterrootproject.wordpress.com/","The Selway-Bitterroot Wilderness History Project, http://sbw.lib.uidaho.edu/index.html","Wilderness Voices, The Selway-Bitteroot Wilderness History Project, https://selwaybitterrootproject.wordpress.com/",https://selwaybitterrootproject.wordpress.com/2011/07/28/the-big-storm/; https://selwaybitterrootproject.wordpress.com/wp-content/uploads/2011/07/mack2.jpg,,,Selway-Podcast-ep11,"Copyright: The Selway-Bitteroot Wilderness History Project. In Copyright - Educational Use Permitted. For more information, please contact University of Idaho Library Special Collections and Archives Department at libspec@uidaho.edu.",http://rightsstatements.org/vocab/InC-EDU/1.0/,,,Image;StillImage,image/jpeg,,,,,,gallery_image,sbw293_img.jpg,https://objects.lib.uidaho.edu/sbw/sbw293_img.jpg,https://objects.lib.uidaho.edu/sbw/small/sbw293_img_sm.jpg,https://objects.lib.uidaho.edu/sbw/thumbs/sbw293_img_th.jpg,,
sbw292-img1,sbw292,"Connie Saylor, 2011",,,,,,,Wilderness Voices,,Selway-Bitterroot Wilderness (Idaho and Mont.),,,"Wilderness Voices, The Selway-Bitteroot Wilderness History Project, https://selwaybitterrootproject.wordpress.com/","The Selway-Bitterroot Wilderness History Project, http://sbw.lib.uidaho.edu/index.html","Wilderness Voices, The Selway-Bitteroot Wilderness History Project, https://selwaybitterrootproject.wordpress.com/",https://selwaybitterrootproject.wordpress.com/2011/07/22/wilderness-education/; https://selwaybitterrootproject.wordpress.com/wp-content/uploads/2011/07/dsc_0085.jpg,,,Selway-Podcast-ep10,"Copyright: The Selway-Bitteroot Wilderness History Project. In Copyright - Educational Use Permitted. For more information, please contact University of Idaho Library Special Collections and Archives Department at libspec@uidaho.edu.",http://rightsstatements.org/vocab/InC-EDU/1.0/,,,Image;StillImage,image/jpeg,,,,,,gallery_image,sbw292_img.jpg,https://objects.lib.uidaho.edu/sbw/sbw292_img.jpg,https://objects.lib.uidaho.edu/sbw/small/sbw292_img_sm.jpg,https://objects.lib.uidaho.edu/sbw/thumbs/sbw292_img_th.jpg,,
sbw291-img1,sbw291,Rachel Kaufman,,,,,,,Wilderness Voices,,Selway-Bitterroot Wilderness (Idaho and Mont.),,,"Wilderness Voices, The Selway-Bitteroot Wilderness History Project, https://selwaybitterrootproject.wordpress.com/","The Selway-Bitterroot Wilderness History Project, http://sbw.lib.uidaho.edu/index.html","Wilderness Voices, The Selway-Bitteroot Wilderness History Project, https://selwaybitterrootproject.wordpress.com/",https://selwaybitterrootproject.wordpress.com/2011/07/12/women-in-wilderness/; https://selwaybitterrootproject.wordpress.com/wp-content/uploads/2011/07/rachel-portrait.jpg,,,Selway-Podcast-ep9,"Copyright: The Selway-Bitteroot Wilderness History Project. In Copyright - Educational Use Permitted. For more information, please contact University of Idaho Library Special Collections and Archives Department at libspec@uidaho.edu.",http://rightsstatements.org/vocab/InC-EDU/1.0/,,,Image;StillImage,image/jpeg,,,,,,gallery_image,sbw291_img.jpg,https://objects.lib.uidaho.edu/sbw/sbw291_img.jpg,https://objects.lib.uidaho.edu/sbw/small/sbw291_img_sm.jpg,https://objects.lib.uidaho.edu/sbw/thumbs/sbw291_img_th.jpg,,
sbw290-img1,sbw290,"Dick Walker, 2011",,,,,,,Wilderness Voices,,Selway-Bitterroot Wilderness (Idaho and Mont.),,,"Wilderness Voices, The Selway-Bitteroot Wilderness History Project, https://selwaybitterrootproject.wordpress.com/","The Selway-Bitterroot Wilderness History Project, http://sbw.lib.uidaho.edu/index.html","Wilderness Voices, The Selway-Bitteroot Wilderness History Project, https://selwaybitterrootproject.wordpress.com/",https://selwaybitterrootproject.wordpress.com/2011/06/15/wilderness-photography/; https://selwaybitterrootproject.wordpress.com/wp-content/uploads/2011/06/dick-portrait.jpg,,,Selway-Podcast-ep8,"Copyright: The Selway-Bitteroot Wilderness History Project. In Copyright - Educational Use Permitted. For more information, please contact University of Idaho Library Special Collections and Archives Department at libspec@uidaho.edu.",http://rightsstatements.org/vocab/InC-EDU/1.0/,,,Image;StillImage,image/jpeg,,,,,,gallery_image,sbw290_img.jpg,https://objects.lib.uidaho.edu/sbw/sbw290_img.jpg,https://objects.lib.uidaho.edu/sbw/small/sbw290_img_sm.jpg,https://objects.lib.uidaho.edu/sbw/thumbs/sbw290_img_th.jpg,,
sbw289-img1,sbw289,"Ed Bloedel, April 2011",,,,,,,Wilderness Voices,,Selway-Bitterroot Wilderness (Idaho and Mont.),,,"Wilderness Voices, The Selway-Bitteroot Wilderness History Project, https://selwaybitterrootproject.wordpress.com/","The Selway-Bitterroot Wilderness History Project, http://sbw.lib.uidaho.edu/index.html","Wilderness Voices, The Selway-Bitteroot Wilderness History Project, https://selwaybitterrootproject.wordpress.com/",https://selwaybitterrootproject.wordpress.com/2011/06/01/appreciating-and-protecting-the-resource-that-is-wilderness/; https://selwaybitterrootproject.wordpress.com/wp-content/uploads/2011/06/elbloedel.gif,,,Selway-Podcast-ep7,"Copyright: The Selway-Bitteroot Wilderness History Project. In Copyright - Educational Use Permitted. For more information, please contact University of Idaho Library Special Collections and Archives Department at libspec@uidaho.edu.",http://rightsstatements.org/vocab/InC-EDU/1.0/,,,Image;StillImage,image/jpeg,,,,,,gallery_image,sbw289_img.jpg,https://objects.lib.uidaho.edu/sbw/sbw289_img.jpg,https://objects.lib.uidaho.edu/sbw/small/sbw289_img_sm.jpg,https://objects.lib.uidaho.edu/sbw/thumbs/sbw289_img_th.jpg,,
sbw288-img1,sbw288,"Rob Mason, 2010",,,,,,,Wilderness Voices,,Selway-Bitterroot Wilderness (Idaho and Mont.),,,"Wilderness Voices, The Selway-Bitteroot Wilderness History Project, https://selwaybitterrootproject.wordpress.com/","The Selway-Bitterroot Wilderness History Project, http://sbw.lib.uidaho.edu/index.html","Wilderness Voices, The Selway-Bitteroot Wilderness History Project, https://selwaybitterrootproject.wordpress.com/",https://selwaybitterrootproject.wordpress.com/2011/05/16/its-so-wild/; https://selwaybitterrootproject.wordpress.com/wp-content/uploads/2011/05/timthumb-php.jpg,,,Selway-Podcast-ep6,"Copyright: The Selway-Bitteroot Wilderness History Project. In Copyright - Educational Use Permitted. For more information, please contact University of Idaho Library Special Collections and Archives Department at libspec@uidaho.edu.",http://rightsstatements.org/vocab/InC-EDU/1.0/,,,Image;StillImage,image/jpeg,,,,,,gallery_image,sbw288_img.jpg,https://objects.lib.uidaho.edu/sbw/sbw288_img.jpg,https://objects.lib.uidaho.edu/sbw/small/sbw288_img_sm.jpg,https://objects.lib.uidaho.edu/sbw/thumbs/sbw288_img_th.jpg,,
sbw287-img1,sbw287,"Jerry Hughes, March 2011",,,,,,,Wilderness Voices,,Selway-Bitterroot Wilderness (Idaho and Mont.),,,"Wilderness Voices, The Selway-Bitteroot Wilderness History Project, https://selwaybitterrootproject.wordpress.com/","The Selway-Bitterroot Wilderness History Project, http://sbw.lib.uidaho.edu/index.html","Wilderness Voices, The Selway-Bitteroot Wilderness History Project, https://selwaybitterrootproject.wordpress.com/",https://selwaybitterrootproject.wordpress.com/2011/04/20/whitewater-on-the-selway-river/; https://selwaybitterrootproject.wordpress.com/wp-content/uploads/2011/04/jerry-hughes-portrait.jpg,,,Selway-Podcast-ep5,"Copyright: The Selway-Bitteroot Wilderness History Project. In Copyright - Educational Use Permitted. For more information, please contact University of Idaho Library Special Collections and Archives Department at libspec@uidaho.edu.",http://rightsstatements.org/vocab/InC-EDU/1.0/,,,Image;StillImage,image/jpeg,,,,,,gallery_image,sbw287_img.jpg,https://objects.lib.uidaho.edu/sbw/sbw287_img.jpg,https://objects.lib.uidaho.edu/sbw/small/sbw287_img_sm.jpg,https://objects.lib.uidaho.edu/sbw/thumbs/sbw287_img_th.jpg,,
sbw286-img1,sbw286,"Eric Melson, 2010",,,,,,,Wilderness Voices,,Selway-Bitterroot Wilderness (Idaho and Mont.),,,"Wilderness Voices, The Selway-Bitteroot Wilderness History Project, https://selwaybitterrootproject.wordpress.com/","The Selway-Bitterroot Wilderness History Project, http://sbw.lib.uidaho.edu/index.html","Wilderness Voices, The Selway-Bitteroot Wilderness History Project, https://selwaybitterrootproject.wordpress.com/",https://selwaybitterrootproject.wordpress.com/2011/03/31/communities-of-the-selway-bitterroot-wilderness-part-2/; https://selwaybitterrootproject.wordpress.com/wp-content/uploads/2011/03/dscf0660.jpg,,,Selway-Podcast-ep4,"Copyright: The Selway-Bitteroot Wilderness History Project. In Copyright - Educational Use Permitted. For more information, please contact University of Idaho Library Special Collections and Archives Department at libspec@uidaho.edu.",http://rightsstatements.org/vocab/InC-EDU/1.0/,,,Image;StillImage,image/jpeg,,,,,,gallery_image,sbw286_img.jpg,https://objects.lib.uidaho.edu/sbw/sbw286_img.jpg,https://objects.lib.uidaho.edu/sbw/small/sbw286_img_sm.jpg,https://objects.lib.uidaho.edu/sbw/thumbs/sbw286_img_th.jpg,,
sbw285-img1,sbw285,"Jean Carroll, February 2011",,,,,,,Wilderness Voices,,Selway-Bitterroot Wilderness (Idaho and Mont.),,,"Wilderness Voices, The Selway-Bitteroot Wilderness History Project, https://selwaybitterrootproject.wordpress.com/","The Selway-Bitterroot Wilderness History Project, http://sbw.lib.uidaho.edu/index.html","Wilderness Voices, The Selway-Bitteroot Wilderness History Project, https://selwaybitterrootproject.wordpress.com/",https://selwaybitterrootproject.wordpress.com/2011/03/28/legends-of-the-selway-bitterroot-wilderness/; https://selwaybitterrootproject.wordpress.com/wp-content/uploads/2011/03/jean-carroll.jpg,,,Selway-Podcast-ep3,"Copyright: The Selway-Bitteroot Wilderness History Project. In Copyright - Educational Use Permitted. For more information, please contact University of Idaho Library Special Collections and Archives Department at libspec@uidaho.edu.",http://rightsstatements.org/vocab/InC-EDU/1.0/,,,Image;StillImage,image/jpeg,,,,,,gallery_image,sbw285_img.jpg,https://objects.lib.uidaho.edu/sbw/sbw285_img.jpg,https://objects.lib.uidaho.edu/sbw/small/sbw285_img_sm.jpg,https://objects.lib.uidaho.edu/sbw/thumbs/sbw285_img_th.jpg,,
sbw284-img1,sbw284,"Jim Renshaw, Februrary 2011",,,,,,,Wilderness Voices,,Selway-Bitterroot Wilderness (Idaho and Mont.),,,"Wilderness Voices, The Selway-Bitteroot Wilderness History Project, https://selwaybitterrootproject.wordpress.com/","The Selway-Bitterroot Wilderness History Project, http://sbw.lib.uidaho.edu/index.html","Wilderness Voices, The Selway-Bitteroot Wilderness History Project, https://selwaybitterrootproject.wordpress.com/",https://selwaybitterrootproject.wordpress.com/2011/02/17/encounters-with-animals-in-the-selway-bitterroot-wilderness/; https://selwaybitterrootproject.wordpress.com/wp-content/uploads/2011/02/jimrenshaw2011.jpg,,,Selway-Podcast-ep2,"Copyright: The Selway-Bitteroot Wilderness History Project. In Copyright - Educational Use Permitted. For more information, please contact University of Idaho Library Special Collections and Archives Department at libspec@uidaho.edu.",http://rightsstatements.org/vocab/InC-EDU/1.0/,,,Image;StillImage,image/jpeg,,,,,,gallery_image,sbw284_img.jpg,https://objects.lib.uidaho.edu/sbw/sbw284_img.jpg,https://objects.lib.uidaho.edu/sbw/small/sbw284_img_sm.jpg,https://objects.lib.uidaho.edu/sbw/thumbs/sbw284_img_th.jpg,,
sbw283-img1,sbw283,"Sarah Walker, December 2010",,,,,,,Wilderness Voices,,Selway-Bitterroot Wilderness (Idaho and Mont.),,,"Wilderness Voices, The Selway-Bitteroot Wilderness History Project, https://selwaybitterrootproject.wordpress.com/","The Selway-Bitterroot Wilderness History Project, http://sbw.lib.uidaho.edu/index.html","Wilderness Voices, The Selway-Bitteroot Wilderness History Project, https://selwaybitterrootproject.wordpress.com/",https://selwaybitterrootproject.wordpress.com/2011/02/01/7/; https://selwaybitterrootproject.wordpress.com/wp-content/uploads/2011/02/sarahsmall1.jpg,,,Selway-Podcast-ep1,"Copyright: The Selway-Bitteroot Wilderness History Project. In Copyright - Educational Use Permitted. For more information, please contact University of Idaho Library Special Collections and Archives Department at libspec@uidaho.edu.",http://rightsstatements.org/vocab/InC-EDU/1.0/,,,Image;StillImage,image/jpeg,,,,,,gallery_image,sbw283_img.jpg,https://objects.lib.uidaho.edu/sbw/sbw283_img.jpg,https://objects.lib.uidaho.edu/sbw/small/sbw283_img_sm.jpg,https://objects.lib.uidaho.edu/sbw/thumbs/sbw283_img_th.jpg,,
